<xml xmlns:o="urn:schemas-microsoft-com:office:office">
 <o:MainFile HRef="../lk9.htm"/>
 <o:File HRef="item0016.xml"/>
 <o:File HRef="props0017.xml"/>
 <o:File HRef="themedata.thmx"/>
 <o:File HRef="colorschememapping.xml"/>
 <o:File HRef="image001.png"/>
 <o:File HRef="image005.gif"/>
 <o:File HRef="image003.png"/>
 <o:File HRef="image006.gif"/>
 <o:File HRef="image011.png"/>
 <o:File HRef="image007.gif"/>
 <o:File HRef="image013.emz"/>
 <o:File HRef="image008.gif"/>
 <o:File HRef="image015.png"/>
 <o:File HRef="image009.gif"/>
 <o:File HRef="filelist.xml"/>
</xml>